Part Number;Quantity;Value;Unit;Component;Description;Unit Price ($);Line Total ($);URL
257-824;1;0.9;mH;Inductor;Dayton Audio LW18-90 0.90mH 18 AWG Perfect Layer;8.29;8.29;https://www.parts-express.com/Dayton-Audio-LW18-90-0.90mH-18-AWG-Perfect-Layer-Inductor-257-824
027-340;1;10.0;μF;Capacitor;10uF 100V Non-Polarized Capacitor;1.09;1.09;https://www.parts-express.com/10uF-100V-Non-Polarized-Capacitor-027-340
027-528;2;1.5;μF;Capacitor;Solen 1.5uF 400V Polypropylene Capacitor;0.79;1.58;https://www.parts-express.com/Solen-1.5uF-400V-Polypropylene-Capacitor-027-528
Jantzen Audio 000-2377;1;0.56;mH;Inductor;Jantzen Audio 000-2377 | 0,56 mH | 0,17 Ω | 3% | 18 AWG;7.45;7.45;https://www.soundimports.eu/en/jantzen-audio-000-2377.html
027-338;1;8.0;μF;Capacitor;8.0uF 100V Non-Polarized Capacitor;1.09;1.09;https://www.parts-express.com/8.0uF-100V-Non-Polarized-Capacitor-027-338
027-554;1;5.1;μF;Capacitor;Solen 5.1uF 400V Polypropylene Capacitor;1.79;1.79;https://www.parts-express.com/Solen-5.1uF-400V-Polypropylene-Capacitor-027-554
Dayton Audio LW18-22;1;0.22;mH;Inductor;Dayton Audio LW18-22 | 0.22 mH | 0.22 Ω | 5% | 18 AWG;5.95;5.95;https://www.soundimports.eu/en/dayton-audio-lw18-22.html
Audyn Q6/3,5/600;1;3.5;μF;Capacitor;Audyn Q6/3,5/600 | 3,5 µF | 5% | 600 V;5.95;5.95;https://www.soundimports.eu/en/audyn-q6-3-5-600.html
027-210;1;1.0;μF;Capacitor;Dayton Audio PMPC-1.0 1.0uF 250V Precision Audio C;0.79;0.79;https://www.parts-express.com/Dayton-Audio-PMPC-1.0-1.0uF-250V-Precision-Audio-Capacitor-027-210
Jantzen Audio 000-1627;1;0.16;mH;Inductor;Jantzen Audio 000-1627 | 0,16 mH | 0,18 Ω | 3% | 18 AWG;6.45;6.45;https://www.soundimports.eu/en/jantzen-audio-000-1627.html
Intertechnik ELCR/8.2/100;1;8.2;μF;Capacitor;Intertechnik ELCR/8.2/100 | 8,2 µF | 10% | 100 V;0.99;0.99;https://www.soundimports.eu/en/it-intertechnik-elcr-8-2-100.html

;;;;;TOTAL (1 Speaker):;$41.42;;
;;;;;TOTAL (Pair):;$82.84;;
