PartNumber,Description,Value,Tolerance_pct,Voltage_V,Type,URL,Price
027-450,Dayton Audio DFFC-0.01 0.01uF 400V By-Pass Capacitor,0.01,5,400,Film and Foil,https://www.parts-express.com/Dayton-Audio-DFFC-0.01-0.01uF-400V-By-Pass-Capacitor-027-450,1.39
027-100,Audyn Cap Q4 0.01uF 400V MKP Foil Capacitor,0.01,5,400,Metalized Polypropylene,https://www.parts-express.com/Audyn-Cap-Q4-0.01uF-400V-MKP-Foil-Capacitor-027-100,2.36
027-460,Jantzen 0502 0.10uF 1200V Z-Superior Capacitor,0.1,2,1200,Metalized Polypropylene,https://www.parts-express.com/Jantzen-0502-0.10uF-1200V-Z-Superior-Capacitor-027-460,14.67
027-750,Jantzen 0602 0.10uF 1200V Z-Silver Capacitor,0.1,2,1200,Metalized Polypropylene,https://www.parts-express.com/Jantzen-0602-0.10uF-1200V-Z-Silver-Capacitor-027-750,20.58
027-126,Audyn Cap Plus 0.1uF 1.2KV Double Layer MKP Foil C,0.1,2,1200,Metalized Polypropylene,https://www.parts-express.com/Audyn-Cap-Plus-0.1uF-1.2KV-Double-Layer-MKP-Foil-Capacitor-027-126,8.59
027-400,Dayton Audio DMPC-0.10 0.10uF 250V Polypropylene C,0.1,5,250,Metalized Polypropylene,https://www.parts-express.com/Dayton-Audio-DMPC-0.10-0.10uF-250V-Polypropylene-Capacitor-027-400,2.48
027-101,Audyn Cap Q4 0.1uF 400V MKP Foil Capacitor,0.1,5,400,Metalized Polypropylene,https://www.parts-express.com/Audyn-Cap-Q4-0.1uF-400V-MKP-Foil-Capacitor-027-101,2.48
027-900,Jantzen 0200 0.10uF 400V Crosscap Capacitor,0.1,5,400,Metalized Polypropylene,https://www.parts-express.com/Jantzen-0200-0.10uF-400V-Crosscap-Capacitor-027-900,0.96
027-452,Dayton Audio DFFC-0.10 0.10uF 400V By-Pass Capacitor,0.1,5,400,Film and Foil,https://www.parts-express.com/Dayton-Audio-DFFC-0.10-0.10uF-400V-By-Pass-Capacitor-027-452,1.49
027-631,Solen 0.10uF 700V Silver Sound MKP Silver Metallized,0.1,5,700,Metalized Polypropylene,https://www.parts-express.com/Solen-0.10uF-700V-Silver-Sound-MKP-Silver-Metallized-Polypropylene-Film-Crossover-Capacitor-027-631,25.75
027-127,Audyn Cap Plus 0.15uF 1.2KV Double Layer MKP Foil C,0.15,2,1200,Metalized Polypropylene,https://www.parts-express.com/Audyn-Cap-Plus-0.15uF-1.2KV-Double-Layer-MKP-Foil-Capacitor-027-127,8.92
027-462,Jantzen 0506 0.15uF 1200V Z-Superior Capacitor,0.15,2,1200,Metalized Polypropylene,https://www.parts-express.com/Jantzen-0506-0.15uF-1200V-Z-Superior-Capacitor-027-462,14.96
027-202,Dayton Audio PMPC-0.22 0.22uF 250V Precision Audio C,0.22,1,250,Metalized Polypropylene,https://www.parts-express.com/Dayton-Audio-PMPC-0.22-0.22uF-250V-Precision-Audio-Capacitor-027-202,0.59
027-151,Audyn True Copper Cap 0.22uF 630V Copper Foil C,0.22,2,600,Metalized Polypropylene,https://www.parts-express.com/Audyn-True-Copper-Cap-0.22uF-630V-Copper-Foil-Capacitor-027-151,52.4
027-128,Audyn Cap Plus 0.22uF 1.2KV Double Layer MKP Foil C,0.22,2,1200,Metalized Polypropylene,https://www.parts-express.com/Audyn-Cap-Plus-0.22uF-1.2KV-Double-Layer-MKP-Foil-Capacitor-027-128,9.21
027-754,Jantzen 0610 0.22uF 1200V Z-Silver Capacitor,0.22,2,1200,Metalized Polypropylene,https://www.parts-express.com/Jantzen-0610-0.22uF-1200V-Z-Silver-Capacitor-027-754,21.06
027-464,Jantzen 0510 0.22uF 1200V Z-Superior Capacitor,0.22,2,1200,Metalized Polypropylene,https://www.parts-express.com/Jantzen-0510-0.22uF-1200V-Z-Superior-Capacitor-027-464,21.06
027-402,Dayton Audio DMPC-0.22 0.22uF 250V Polypropylene C,0.22,5,250,Metalized Polypropylene,https://www.parts-express.com/Dayton-Audio-DMPC-0.22-0.22uF-250V-Polypropylene-Capacitor-027-402,1.69
027-454,Dayton Audio DFFC-0.22 0.22uF 400V By-Pass Capacitor,0.22,5,400,Film and Foil,https://www.parts-express.com/Dayton-Audio-DFFC-0.22-0.22uF-400V-By-Pass-Capacitor-027-454,2.53
027-102,Audyn Cap Q4 0.22uF 400V MKP Foil Capacitor,0.22,5,400,Metalized Polypropylene,https://www.parts-express.com/Audyn-Cap-Q4-0.22uF-400V-MKP-Foil-Capacitor-027-102,2.53
027-902,Jantzen 0208 0.22uF 400V Crosscap Capacitor,0.22,5,400,Metalized Polypropylene,https://www.parts-express.com/Jantzen-0208-0.22uF-400V-Crosscap-Capacitor-027-902,1.21
027-632,Solen 0.22uF 700V Silver Sound MKP Silver Metallized,0.22,5,700,Metalized Polypropylene,https://www.parts-express.com/Solen-0.22uF-700V-Silver-Sound-MKP-Silver-Metallized-Polypropylene-Film-Crossover-Capacitor-027-632,24.98
027-152,Audyn True Copper Cap 0.33uF 630V Copper Foil C,0.33,2,600,Metalized Polypropylene,https://www.parts-express.com/Audyn-True-Copper-Cap-0.33uF-630V-Copper-Foil-Capacitor-027-152,
027-129,Audyn Cap Plus 0.33uF 1.2KV Double Layer MKP Foil C,0.33,2,1200,Metalized Polypropylene,https://www.parts-express.com/Audyn-Cap-Plus-0.33uF-1.2KV-Double-Layer-MKP-Foil-Capacitor-027-129,10.17
027-466,Jantzen 0514 0.33uF 1200V Z-Superior Capacitor,0.33,2,1200,Metalized Polypropylene,https://www.parts-express.com/Jantzen-0514-0.33uF-1200V-Z-Superior-Capacitor-027-466,17.9
027-404,Dayton Audio DMPC-0.33 0.33uF 250V Polypropylene C,0.33,5,250,Metalized Polypropylene,https://www.parts-express.com/Dayton-Audio-DMPC-0.33-0.33uF-250V-Polypropylene-Capacitor-027-404,0.59
027-456,Dayton Audio DFFC-0.33 0.33uF 400V By-Pass Capacitor,0.33,5,400,Film and Foil,https://www.parts-express.com/Dayton-Audio-DFFC-0.33-0.33uF-400V-By-Pass-Capacitor-027-456,1.89
027-103,Audyn Cap Q4 0.33uF 400V MKP Foil Capacitor,0.33,5,400,Metalized Polypropylene,https://www.parts-express.com/Audyn-Cap-Q4-0.33uF-400V-MKP-Foil-Capacitor-027-103,2.63
027-904,Jantzen 0214 0.33uF 400V Crosscap Capacitor,0.33,5,400,Metalized Polypropylene,https://www.parts-express.com/Jantzen-0214-0.33uF-400V-Crosscap-Capacitor-027-904,17.9
027-206,Dayton Audio PMPC-0.47 0.47uF 250V Precision Audio C,0.47,1,250,Metalized Polypropylene,https://www.parts-express.com/Dayton-Audio-PMPC-0.47-0.47uF-250V-Precision-Audio-Capacitor-027-206,0.59
027-153,Audyn True Copper Cap 0.47uF 630V Copper Foil C,0.47,2,600,Metalized Polypropylene,https://www.parts-express.com/Audyn-True-Copper-Cap-0.47uF-630V-Copper-Foil-Capacitor-027-153,
027-130,Audyn Cap Plus 0.47uF 800V Double Layer MKP Foil C,0.47,2,800,Metalized Polypropylene,https://www.parts-express.com/Audyn-Cap-Plus-0.47uF-800V-Double-Layer-MKP-Foil-Capacitor-027-130,10.8
027-758,Jantzen 0618 0.47uF 800V Z-Silver Capacitor,0.47,2,800,Metalized Polypropylene,https://www.parts-express.com/Jantzen-0618-0.47uF-800V-Z-Silver-Capacitor-027-758,22.67
027-468,Jantzen 0518 0.47uF 800V Z-Superior Capacitor,0.47,2,800,Metalized Polypropylene,https://www.parts-express.com/Jantzen-0518-0.47uF-800V-Z-Superior-Capacitor-027-468,14.63
027-406,Dayton Audio DMPC-0.47 0.47uF 250V Polypropylene C,0.47,5,250,Metalized Polypropylene,https://www.parts-express.com/Dayton-Audio-DMPC-0.47-0.47uF-250V-Polypropylene-Capacitor-027-406,0.59
027-104,Audyn Cap Q4 0.47uF 400V MKP Foil Capacitor,0.47,5,400,Metalized Polypropylene,https://www.parts-express.com/Audyn-Cap-Q4-0.47uF-400V-MKP-Foil-Capacitor-027-104,2.69
027-906,Jantzen 0220 0.47uF 400V Crosscap Capacitor,0.47,5,400,Metalized Polypropylene,https://www.parts-express.com/Jantzen-0220-0.47uF-400V-Crosscap-Capacitor-027-906,1.15
027-458,Dayton Audio DFFC-0.47 0.47uF 400V By-Pass Capacitor,0.47,5,400,Film and Foil,https://www.parts-express.com/Dayton-Audio-DFFC-0.47-0.47uF-400V-By-Pass-Capacitor-027-458,2.69
027-105,Audyn Cap Q4 0.56uF 400V MKP Foil Capacitor,0.56,5,400,Metalized Polypropylene,https://www.parts-express.com/Audyn-Cap-Q4-0.56uF-400V-MKP-Foil-Capacitor-027-105,2.8
027-131,Audyn Cap Plus 0.68uF 800V Double Layer MKP Foil C,0.68,2,800,Metalized Polypropylene,https://www.parts-express.com/Audyn-Cap-Plus-0.68uF-800V-Double-Layer-MKP-Foil-Capacitor-027-131,11.45
027-472,Jantzen 0526 0.68uF 800V Z-Superior Capacitor,0.68,2,800,Metalized Polypropylene,https://www.parts-express.com/Jantzen-0526-0.68uF-800V-Z-Superior-Capacitor-027-472,15.23
027-408,Dayton Audio DMPC-0.68 0.68uF 250V Polypropylene C,0.68,5,250,Metalized Polypropylene,https://www.parts-express.com/Dayton-Audio-DMPC-0.68-0.68uF-250V-Polypropylene-Capacitor-027-408,0.59
027-106,Audyn Cap Q4 0.68uF 400V MKP Foil Capacitor,0.68,5,400,Metalized Polypropylene,https://www.parts-express.com/Audyn-Cap-Q4-0.68uF-400V-MKP-Foil-Capacitor-027-106,2.8
027-107,Audyn Cap Q4 0.82uF 400V MKP Foil Capacitor,0.82,5,400,Metalized Polypropylene,https://www.parts-express.com/Audyn-Cap-Q4-0.82uF-400V-MKP-Foil-Capacitor-027-107,2.83
027-210,Dayton Audio PMPC-1.0 1.0uF 250V Precision Audio C,1.0,1,250,Metalized Polypropylene,https://www.parts-express.com/Dayton-Audio-PMPC-1.0-1.0uF-250V-Precision-Audio-Capacitor-027-210,0.79
027-133,Audyn Cap Plus 1.0uF 800V Double Layer MKP Foil C,1.0,2,800,Metalized Polypropylene,https://www.parts-express.com/Audyn-Cap-Plus-1.0uF-800V-Double-Layer-MKP-Foil-Capacitor-027-133,12.37
027-476,Jantzen 0534 1.0uF 800V Z-Superior Capacitor,1.0,2,800,Metalized Polypropylene,https://www.parts-express.com/Jantzen-0534-1.0uF-800V-Z-Superior-Capacitor-027-476,24.23
027-766,Jantzen 0634 1.0uF 800V Z-Silver Capacitor,1.0,2,800,Metalized Polypropylene,https://www.parts-express.com/Jantzen-0634-1.0uF-800V-Z-Silver-Capacitor-027-766,15.81
027-4600,Jantzen 7022 1.0uF Alumen Z-Cap 100 VDC Alum,1.0,3,100,Film and Foil,https://www.parts-express.com/Jantzen-7022-1.0uF-Alumen-Z-Cap-100-VDC-Aluminum-Foil-Capacitor-027-4600,
020-634,1uF 400 VDC Audiophiler MKP Audio Grade Capacitor,1.0,3,400,Metalized Polypropylene,https://www.parts-express.com/1uF-400-VDC-Audiophiler-MKP-Audio-Grade-Capacitor-020-634,1.15
027-410,Dayton Audio DMPC-1.0 1.0uF 250V Polypropylene C,1.0,5,250,Metalized Polypropylene,https://www.parts-express.com/Dayton-Audio-DMPC-1.0-1.0uF-250V-Polypropylene-Capacitor-027-410,2.39
027-520,Solen 1.0uF 400V Polypropylene Capacitor,1.0,5,400,Metalized Polypropylene,https://www.parts-express.com/Solen-1.0uF-400V-Polypropylene-Capacitor-027-520,0.79
027-910,Jantzen 0230 1.0uF 400V Crosscap Capacitor,1.0,5,400,Metalized Polypropylene,https://www.parts-express.com/Jantzen-0230-1.0uF-400V-Crosscap-Capacitor-027-910,24.23
027-108,Audyn Cap Q4 1.0uF 400V MKP Foil Capacitor,1.0,5,400,Metalized Polypropylene,https://www.parts-express.com/Audyn-Cap-Q4-1.0uF-400V-MKP-Foil-Capacitor-027-108,2.96
027-261,Jantzen 0410 1.0uF 400V Z-Standard Capacitor,1.0,5,400,Metalized Polypropylene,https://www.parts-express.com/Jantzen-0410-1.0uF-400V-Z-Standard-Capacitor-027-261,2.52
027-320,1.0uF 100V Non-Polarized Capacitor,1.0,10,100,Non-Polarized Electrolytic,https://www.parts-express.com/1.0uF-100V-Non-Polarized-Capacitor-027-320,0.89
027-212,Dayton Audio PMPC-1.5 1.5uF 250V Precision Audio C,1.5,1,250,Metalized Polypropylene,https://www.parts-express.com/Dayton-Audio-PMPC-1.5-1.5uF-250V-Precision-Audio-Capacitor-027-212,3.25
027-478,Jantzen 0538 1.5uF 800V Z-Superior Capacitor,1.5,2,800,Metalized Polypropylene,https://www.parts-express.com/Jantzen-0538-1.5uF-800V-Z-Superior-Capacitor-027-478,26.98
027-768,Jantzen 0638 1.5uF 800V Z-Silver Capacitor,1.5,2,800,Metalized Polypropylene,https://www.parts-express.com/Jantzen-0638-1.5uF-800V-Z-Silver-Capacitor-027-768,26.98
027-134,Audyn Cap Plus 1.5uF 800V Double Layer MKP Foil C,1.5,2,800,Metalized Polypropylene,https://www.parts-express.com/Audyn-Cap-Plus-1.5uF-800V-Double-Layer-MKP-Foil-Capacitor-027-134,14.63
027-412,Dayton Audio DMPC-1.5 1.5uF 250V Polypropylene C,1.5,5,250,Metalized Polypropylene,https://www.parts-express.com/Dayton-Audio-DMPC-1.5-1.5uF-250V-Polypropylene-Capacitor-027-412,1.33
027-528,Solen 1.5uF 400V Polypropylene Capacitor,1.5,5,400,Metalized Polypropylene,https://www.parts-express.com/Solen-1.5uF-400V-Polypropylene-Capacitor-027-528,0.79
027-262,Jantzen 0413 1.5uF 400V Z-Standard Capacitor,1.5,5,400,Metalized Polypropylene,https://www.parts-express.com/Jantzen-0413-1.5uF-400V-Z-Standard-Capacitor-027-262,1.33
027-912,Jantzen 0236 1.5uF 400V Crosscap Capacitor,1.5,5,400,Metalized Polypropylene,https://www.parts-express.com/Jantzen-0236-1.5uF-400V-Crosscap-Capacitor-027-912,2.77
027-109,Audyn Cap Q4 1.5uF 400V MKP Foil Capacitor,1.5,5,400,Metalized Polypropylene,https://www.parts-express.com/Audyn-Cap-Q4-1.5uF-400V-MKP-Foil-Capacitor-027-109,3.25
027-322,1.5uF 100V Non-Polarized Capacitor,1.5,10,100,Non-Polarized Electrolytic,https://www.parts-express.com/1.5uF-100V-Non-Polarized-Capacitor-027-322,0.89
027-480,Jantzen 0542 1.8uF 800V Z-Superior Capacitor,1.8,2,800,Metalized Polypropylene,https://www.parts-express.com/Jantzen-0542-1.8uF-800V-Z-Superior-Capacitor-027-480,18.5
027-914,Jantzen 0237 1.8uF 400V Crosscap Capacitor,1.8,5,400,Metalized Polypropylene,https://www.parts-express.com/Jantzen-0237-1.8uF-400V-Crosscap-Capacitor-027-914,1.31
027-264,Jantzen 0416 1.8uF 400V Z-Standard Capacitor,1.8,5,400,Metalized Polypropylene,https://www.parts-express.com/Jantzen-0416-1.8uF-400V-Z-Standard-Capacitor-027-264,2.88
027-214,Dayton Audio PMPC-2.0 2.0uF 250V Precision Audio C,2.0,1,250,Metalized Polypropylene,https://www.parts-express.com/Dayton-Audio-PMPC-2.0-2.0uF-250V-Precision-Audio-Capacitor-027-214,0.99
027-414,Dayton Audio DMPC-2.0 2.0uF 250V Polypropylene C,2.0,5,250,Metalized Polypropylene,https://www.parts-express.com/Dayton-Audio-DMPC-2.0-2.0uF-250V-Polypropylene-Capacitor-027-414,2.79
027-534,Solen 2.0uF 400V Polypropylene Capacitor,2.0,5,400,Metalized Polypropylene,https://www.parts-express.com/Solen-2.0uF-400V-Polypropylene-Capacitor-027-534,0.99
027-640,Solen 2.0uF 700V Silver MKP Metallized Polypropylene,2.0,5,700,Metalized Polypropylene,https://www.parts-express.com/Solen-2.0uF-700V-Silver-MKP-Metallized-Polypropylene-Crossov-027-640,
027-216,Dayton Audio PMPC-2.2 2.2uF 250V Precision Audio C,2.2,1,250,Metalized Polypropylene,https://www.parts-express.com/Dayton-Audio-PMPC-2.2-2.2uF-250V-Precision-Audio-Capacitor-027-216,0.99
027-482,Jantzen 0546 2.2uF 800V Z-Superior Capacitor,2.2,2,800,Metalized Polypropylene,https://www.parts-express.com/Jantzen-0546-2.2uF-800V-Z-Superior-Capacitor-027-482,28.94
027-135,Audyn Cap Plus 2.2uF 800V Double Layer MKP Foil C,2.2,2,800,Metalized Polypropylene,https://www.parts-express.com/Audyn-Cap-Plus-2.2uF-800V-Double-Layer-MKP-Foil-Capacitor-027-135,16.54
027-772,Jantzen 0646 2.2uF 800V Z-Silver Capacitor,2.2,2,800,Metalized Polypropylene,https://www.parts-express.com/Jantzen-0646-2.2uF-800V-Z-Silver-Capacitor-027-772,18.85
027-4604,Jantzen 7028 2.2uF Alumen Z-Cap 100 VDC Aluminum Fo,2.2,3,100,Film and Foil,https://www.parts-express.com/Jantzen-7028-2.2uF-Alumen-Z-Cap-100-VDC-Aluminum-Foil-Capacitor-027-4604,55.73
020-636,2.2uF 400 VDC Audiophiler MKP Audio Grade Capacitor,2.2,3,400,Metalized Polypropylene,https://www.parts-express.com/2.2uF-400-VDC-Audiophiler-MKP-Audio-Grade-Capacitor-020-636,1.19
027-415,Dayton Audio DMPC-2.2 2.2uF 250V Polypropylene C,2.2,5,250,Metalized Polypropylene,https://www.parts-express.com/Dayton-Audio-DMPC-2.2-2.2uF-250V-Polypropylene-Capacitor-027-415,1.19
027-110,Audyn Cap Q4 2.2uF 400V MKP Foil Capacitor,2.2,5,400,Metalized Polypropylene,https://www.parts-express.com/Audyn-Cap-Q4-2.2uF-400V-MKP-Foil-Capacitor-027-110,3.37
027-916,Jantzen 0238 2.2uF 400V Crosscap Capacitor,2.2,5,400,Metalized Polypropylene,https://www.parts-express.com/Jantzen-0238-2.2uF-400V-Crosscap-Capacitor-027-916,1.6
027-266,Jantzen 0419 2.2uF 400V Z-Standard Capacitor,2.2,5,400,Metalized Polypropylene,https://www.parts-express.com/Jantzen-0419-2.2uF-400V-Z-Standard-Capacitor-027-266,28.94
027-536,Solen 2.2uF 400V Polypropylene Capacitor,2.2,5,400,Metalized Polypropylene,https://www.parts-express.com/Solen-2.2uF-400V-Polypropylene-Capacitor-027-536,0.99
027-324,2.2uF 100V Non-Polarized Capacitor,2.2,10,100,Non-Polarized Electrolytic,https://www.parts-express.com/2.2uF-100V-Non-Polarized-Capacitor-027-324,0.89
027-218,Dayton Audio PMPC-2.7 2.7uF 250V Precision Audio C,2.7,1,250,Metalized Polypropylene,https://www.parts-express.com/Dayton-Audio-PMPC-2.7-2.7uF-250V-Precision-Audio-Capacitor-027-218,1.09
027-484,Jantzen 0550 2.7uF 800V Z-Superior Capacitor,2.7,2,800,Metalized Polypropylene,https://www.parts-express.com/Jantzen-0550-2.7uF-800V-Z-Superior-Capacitor-027-484,20.17
027-4608,Jantzen 7030 2.7uF Alumen Z-Cap 100 VDC Aluminum Fo,2.7,3,100,Film and Foil,https://www.parts-express.com/Jantzen-7030-2.7uF-Alumen-Z-Cap-100-VDC-Aluminum-Foil-Capacitor-027-4608,57.83
027-416,Dayton Audio DMPC-2.7 2.7uF 250V Polypropylene C,2.7,5,250,Metalized Polypropylene,https://www.parts-express.com/Dayton-Audio-DMPC-2.7-2.7uF-250V-Polypropylene-Capacitor-027-416,3.49
027-918,Jantzen 0240 2.7uF 400V Crosscap Capacitor,2.7,5,400,Metalized Polypropylene,https://www.parts-express.com/Jantzen-0240-2.7uF-400V-Crosscap-Capacitor-027-918,1.77
027-268,Jantzen 0422 2.7uF 400V Z-Standard Capacitor,2.7,5,400,Metalized Polypropylene,https://www.parts-express.com/Jantzen-0422-2.7uF-400V-Z-Standard-Capacitor-027-268,3.56
027-111,Audyn Cap Q4 2.7uF 400V MKP Foil Capacitor,2.7,5,400,Metalized Polypropylene,https://www.parts-express.com/Audyn-Cap-Q4-2.7uF-400V-MKP-Foil-Capacitor-027-111,3.61
027-326,2.7uF 100V Non-Polarized Capacitor,2.7,10,100,Non-Polarized Electrolytic,https://www.parts-express.com/2.7uF-100V-Non-Polarized-Capacitor-027-326,0.89
027-220,Dayton Audio PMPC-3.0 3.0uF 250V Precision Audio C,3.0,1,250,Metalized Polypropylene,https://www.parts-express.com/Dayton-Audio-PMPC-3.0-3.0uF-250V-Precision-Audio-Capacitor-027-220,1.19
027-418,Dayton Audio DMPC-3.0 3.0uF 250V Polypropylene C,3.0,5,250,Metalized Polypropylene,https://www.parts-express.com/Dayton-Audio-DMPC-3.0-3.0uF-250V-Polypropylene-Capacitor-027-418,1.81
027-542,Solen 3.0uF 400V Polypropylene Capacitor,3.0,5,400,Metalized Polypropylene,https://www.parts-express.com/Solen-3.0uF-400V-Polypropylene-Capacitor-027-542,1.19
027-222,Dayton Audio PMPC-3.3 3.3uF 250V Precision Audio C,3.3,1,250,Metalized Polypropylene,https://www.parts-express.com/Dayton-Audio-PMPC-3.3-3.3uF-250V-Precision-Audio-Capacitor-027-222,1.29
027-486,Jantzen 0554 3.3uF 800V Z-Superior Capacitor,3.3,2,800,Metalized Polypropylene,https://www.parts-express.com/Jantzen-0554-3.3uF-800V-Z-Superior-Capacitor-027-486,34.46
027-776,Jantzen 0654 3.3uF 800V Z-Silver Capacitor,3.3,2,800,Metalized Polypropylene,https://www.parts-express.com/Jantzen-0654-3.3uF-800V-Z-Silver-Capacitor-027-776,
027-136,Audyn Cap Plus 3.3uF 800V Double Layer MKP Foil C,3.3,2,800,Metalized Polypropylene,https://www.parts-express.com/Audyn-Cap-Plus-3.3uF-800V-Double-Layer-MKP-Foil-Capacitor-027-136,20.01
027-4610,Jantzen 7035 3.3uF Alumen Z-Cap 100 VDC Aluminum Fo,3.3,3,100,Film and Foil,https://www.parts-express.com/Jantzen-7035-3.3uF-Alumen-Z-Cap-100-VDC-Aluminum-Foil-Capacitor-027-4610,58.94
027-420,Dayton Audio DMPC-3.3 3.3uF 250V Polypropylene C,3.3,5,250,Metalized Polypropylene,https://www.parts-express.com/Dayton-Audio-DMPC-3.3-3.3uF-250V-Polypropylene-Capacitor-027-420,2.06
027-920,Jantzen 0242 3.3uF 400V Crosscap Capacitor,3.3,5,400,Metalized Polypropylene,https://www.parts-express.com/Jantzen-0242-3.3uF-400V-Crosscap-Capacitor-027-920,34.46
027-112,Audyn Cap Q4 3.3uF 400V MKP Foil Capacitor,3.3,5,400,Metalized Polypropylene,https://www.parts-express.com/Audyn-Cap-Q4-3.3uF-400V-MKP-Foil-Capacitor-027-112,3.73
027-544,Solen 3.3uF 400V Polypropylene Capacitor,3.3,5,400,Metalized Polypropylene,https://www.parts-express.com/Solen-3.3uF-400V-Polypropylene-Capacitor-027-544,1.29
027-270,Jantzen 0425 3.3uF 400V Z-Standard Capacitor,3.3,5,400,Metalized Polypropylene,https://www.parts-express.com/Jantzen-0425-3.3uF-400V-Z-Standard-Capacitor-027-270,2.06
027-328,3.3uF 100V Non-Polarized Capacitor,3.3,10,100,Non-Polarized Electrolytic,https://www.parts-express.com/3.3uF-100V-Non-Polarized-Capacitor-027-328,0.89
027-778,Jantzen 0658 3.9uF 800V Z-Silver Capacitor,3.9,2,800,Metalized Polypropylene,https://www.parts-express.com/Jantzen-0658-3.9uF-800V-Z-Silver-Capacitor-027-778,38.19
027-488,Jantzen 0558 3.9uF 800V Z-Superior Capacitor,3.9,2,800,Metalized Polypropylene,https://www.parts-express.com/Jantzen-0558-3.9uF-800V-Z-Superior-Capacitor-027-488,4.06
027-113,Audyn Cap Q4 3.9uF 400V MKP Foil Capacitor,3.9,5,400,Metalized Polypropylene,https://www.parts-express.com/Audyn-Cap-Q4-3.9uF-400V-MKP-Foil-Capacitor-027-113,3.91
027-272,Jantzen 0431 3.9uF 400V Z-Standard Capacitor,3.9,5,400,Metalized Polypropylene,https://www.parts-express.com/Jantzen-0431-3.9uF-400V-Z-Standard-Capacitor-027-272,23.15
027-548,Solen 3.9uF 400V Polypropylene Capacitor,3.9,5,400,Metalized Polypropylene,https://www.parts-express.com/Solen-3.9uF-400V-Polypropylene-Capacitor-027-548,6.82
027-922,Jantzen 0246 3.9uF 400V Crosscap Capacitor,3.9,5,400,Metalized Polypropylene,https://www.parts-express.com/Jantzen-0246-3.9uF-400V-Crosscap-Capacitor-027-922,6.82
027-226,Dayton Audio PMPC-4.0 4.0uF 250V Precision Audio C,4.0,1,250,Metalized Polypropylene,https://www.parts-express.com/Dayton-Audio-PMPC-4.0-4.0uF-250V-Precision-Audio-Capacitor-027-226,1.39
027-421,Dayton Audio DMPC-4.0 4.0uF 250V Polypropylene C,4.0,5,250,Metalized Polypropylene,https://www.parts-express.com/Dayton-Audio-DMPC-4.0-4.0uF-250V-Polypropylene-Capacitor-027-421,4.69
027-330,4.0uF 100V Non-Polarized Capacitor,4.0,10,100,Non-Polarized Electrolytic,https://www.parts-express.com/4.0uF-100V-Non-Polarized-Capacitor-027-330,0.89
027-419,Dayton Audio DMPC-4.3 4.3uF 250V Polypropylene C,4.3,5,250,Metalized Polypropylene,https://www.parts-express.com/Dayton-Audio-DMPC-4.3-4.3uF-250V-Polypropylene-Capacitor-027-419,1.59
027-550,Solen 4.3uF 400V Polypropylene Capacitor,4.3,5,400,Metalized Polypropylene,https://www.parts-express.com/Solen-4.3uF-400V-Polypropylene-Capacitor-027-550,1.59
027-230,Dayton Audio PMPC-4.7 4.7uF 250V Precision Audio C,4.7,1,250,Metalized Polypropylene,https://www.parts-express.com/Dayton-Audio-PMPC-4.7-4.7uF-250V-Precision-Audio-Capacitor-027-230,1.69
027-780,Jantzen 0662 4.7uF 800V Z-Silver Capacitor,4.7,2,800,Metalized Polypropylene,https://www.parts-express.com/Jantzen-0662-4.7uF-800V-Z-Silver-Capacitor-027-780,24.58
027-490,Jantzen 0562 4.7uF 800V Z-Superior Capacitor,4.7,2,800,Metalized Polypropylene,https://www.parts-express.com/Jantzen-0562-4.7uF-800V-Z-Superior-Capacitor-027-490,4.31
027-137,Audyn Cap Plus 4.7uF 800V Double Layer MKP Foil C,4.7,2,1200,Metalized Polypropylene,https://www.parts-express.com/Audyn-Cap-Plus-4.7uF-800V-Double-Layer-MKP-Foil-Capacitor-027-137,24.17
027-4614,Jantzen 7040 4.7uF Alumen Z-Cap 100 VDC Aluminum Fo,4.7,3,100,Film and Foil,https://www.parts-express.com/Jantzen-7040-4.7uF-Alumen-Z-Cap-100-VDC-Aluminum-Foil-Capacitor-027-4614,66.67
027-422,Dayton Audio DMPC-4.7 4.7uF 250V Polypropylene C,4.7,5,250,Metalized Polypropylene,https://www.parts-express.com/Dayton-Audio-DMPC-4.7-4.7uF-250V-Polypropylene-Capacitor-027-422,4.89
027-924,Jantzen 0250 4.7uF 400V Crosscap Capacitor,4.7,5,400,Metalized Polypropylene,https://www.parts-express.com/Jantzen-0250-4.7uF-400V-Crosscap-Capacitor-027-924,2.83
027-552,Solen 4.7uF 400V Polypropylene Capacitor,4.7,5,400,Metalized Polypropylene,https://www.parts-express.com/Solen-4.7uF-400V-Polypropylene-Capacitor-027-552,1.69
027-274,Jantzen 0434 4.7uF 400V Z-Standard Capacitor,4.7,5,400,Metalized Polypropylene,https://www.parts-express.com/Jantzen-0434-4.7uF-400V-Z-Standard-Capacitor-027-274,
027-114,Audyn Cap Q4 4.7uF 400V MKP Foil Capacitor,4.7,5,400,Metalized Polypropylene,https://www.parts-express.com/Audyn-Cap-Q4-4.7uF-400V-MKP-Foil-Capacitor-027-114,4.5
027-332,4.7uF 100V Non-Polarized Capacitor,4.7,10,100,Non-Polarized Electrolytic,https://www.parts-express.com/4.7uF-100V-Non-Polarized-Capacitor-027-332,0.89
027-232,Dayton Audio PMPC-5.1 5.1uF 250V Precision Audio C,5.1,1,250,Metalized Polypropylene,https://www.parts-express.com/Dayton-Audio-PMPC-5.1-5.1uF-250V-Precision-Audio-Capacitor-027-232,5.19
027-423,Dayton Audio DMPC-5.1 5.1uF 250V Polypropylene C,5.1,5,250,Metalized Polypropylene,https://www.parts-express.com/Dayton-Audio-DMPC-5.1-5.1uF-250V-Polypropylene-Capacitor-027-423,5.19
027-554,Solen 5.1uF 400V Polypropylene Capacitor,5.1,5,400,Metalized Polypropylene,https://www.parts-express.com/Solen-5.1uF-400V-Polypropylene-Capacitor-027-554,1.79
027-234,Dayton Audio PMPC-5.6 5.6uF 250V Precision Audio C,5.6,1,250,Metalized Polypropylene,https://www.parts-express.com/Dayton-Audio-PMPC-5.6-5.6uF-250V-Precision-Audio-Capacitor-027-234,1.89
027-782,Jantzen 0666 5.6uF 800V Z-Silver Capacitor,5.6,2,800,Metalized Polypropylene,https://www.parts-express.com/Jantzen-0666-5.6uF-800V-Z-Silver-Capacitor-027-782,27.04
027-492,Jantzen 0566 5.6uF 800V Z-Superior Capacitor,5.6,2,800,Metalized Polypropylene,https://www.parts-express.com/Jantzen-0566-5.6uF-800V-Z-Superior-Capacitor-027-492,45.06
027-138,Audyn Cap Plus 5.6uF 800V Double Layer MKP Foil C,5.6,2,800,Metalized Polypropylene,https://www.parts-express.com/Audyn-Cap-Plus-5.6uF-800V-Double-Layer-MKP-Foil-Capacitor-027-138,28.57
027-425,Dayton Audio DMPC-5.6 5.6uF 250V Polypropylene C,5.6,5,250,Metalized Polypropylene,https://www.parts-express.com/Dayton-Audio-DMPC-5.6-5.6uF-250V-Polypropylene-Capacitor-027-425,5.29
027-556,Solen 5.6uF 400V Polypropylene Capacitor,5.6,5,400,Metalized Polypropylene,https://www.parts-express.com/Solen-5.6uF-400V-Polypropylene-Capacitor-027-556,1.89
027-926,Jantzen 0254 5.6uF 400V Crosscap Capacitor,5.6,5,400,Metalized Polypropylene,https://www.parts-express.com/Jantzen-0254-5.6uF-400V-Crosscap-Capacitor-027-926,3.71
027-276,Jantzen 0437 5.6uF 400V Z-Standard Capacitor,5.6,5,400,Metalized Polypropylene,https://www.parts-express.com/Jantzen-0437-5.6uF-400V-Z-Standard-Capacitor-027-276,4.56
027-115,Audyn Cap Q4 5.6uF 400V MKP Foil Capacitor,5.6,5,400,Metalized Polypropylene,https://www.parts-express.com/Audyn-Cap-Q4-5.6uF-400V-MKP-Foil-Capacitor-027-115,4.98
027-334,5.6uF 100V Non-Polarized Capacitor,5.6,10,100,Non-Polarized Electrolytic,https://www.parts-express.com/5.6uF-100V-Non-Polarized-Capacitor-027-334,0.99
027-236,Dayton Audio PMPC-6.2 6.2uF 250V Precision Audio C,6.2,1,250,Metalized Polypropylene,https://www.parts-express.com/Dayton-Audio-PMPC-6.2-6.2uF-250V-Precision-Audio-Capacitor-027-236,1.99
027-427,Dayton Audio DMPC-6.2 6.2uF 250V Polypropylene C,6.2,5,250,Metalized Polypropylene,https://www.parts-express.com/Dayton-Audio-DMPC-6.2-6.2uF-250V-Polypropylene-Capacitor-027-427,5.79
027-558,Solen 6.2uF 400V Polypropylene Capacitor,6.2,5,400,Metalized Polypropylene,https://www.parts-express.com/Solen-6.2uF-400V-Polypropylene-Capacitor-027-558,1.99
027-238,Dayton Audio PMPC-6.8 6.8uF 250V Precision Audio C,6.8,1,250,Metalized Polypropylene,https://www.parts-express.com/Dayton-Audio-PMPC-6.8-6.8uF-250V-Precision-Audio-Capacitor-027-238,3.09
027-139,Audyn Cap Plus 6.8uF 800V Double Layer MKP Foil C,6.8,2,800,Metalized Polypropylene,https://www.parts-express.com/Audyn-Cap-Plus-6.8uF-800V-Double-Layer-MKP-Foil-Capacitor-027-139,30.51
027-784,Jantzen 0670 6.8uF 800V Z-Silver Capacitor,6.8,2,800,Metalized Polypropylene,https://www.parts-express.com/Jantzen-0670-6.8uF-800V-Z-Silver-Capacitor-027-784,47.21
027-494,Jantzen 0570 6.8uF 800V Z-Superior Capacitor,6.8,2,800,Metalized Polypropylene,https://www.parts-express.com/Jantzen-0570-6.8uF-800V-Z-Superior-Capacitor-027-494,3.96
027-4618,Jantzen 7050 6.8uF Alumen Z-Cap 100 VDC Aluminum Fo,6.8,3,100,Film and Foil,https://www.parts-express.com/Jantzen-7050-6.8uF-Alumen-Z-Cap-100-VDC-Aluminum-Foil-Capacitor-027-4618,78.65
027-424,Dayton Audio DMPC-6.8 6.8uF 250V Polypropylene C,6.8,5,250,Metalized Polypropylene,https://www.parts-express.com/Dayton-Audio-DMPC-6.8-6.8uF-250V-Polypropylene-Capacitor-027-424,3.96
027-928,Jantzen 0258 6.8uF 400V Crosscap Capacitor,6.8,5,400,Metalized Polypropylene,https://www.parts-express.com/Jantzen-0258-6.8uF-400V-Crosscap-Capacitor-027-928,6.98
027-278,Jantzen 0440 6.8uF 400V Z-Standard Capacitor,6.8,5,400,Metalized Polypropylene,https://www.parts-express.com/Jantzen-0440-6.8uF-400V-Z-Standard-Capacitor-027-278,3.96
027-560,Solen 6.8uF 400V Polypropylene Capacitor,6.8,5,400,Metalized Polypropylene,https://www.parts-express.com/Solen-6.8uF-400V-Polypropylene-Capacitor-027-560,1.99
027-116,Audyn Cap Q4 6.8uF 400V MKP Foil Capacitor,6.8,5,400,Metalized Polypropylene,https://www.parts-express.com/Audyn-Cap-Q4-6.8uF-400V-MKP-Foil-Capacitor-027-116,5.94
027-336,6.8uF 100V Non-Polarized Capacitor,6.8,10,100,Non-Polarized Electrolytic,https://www.parts-express.com/6.8uF-100V-Non-Polarized-Capacitor-027-336,1.09
027-429,Dayton Audio DMPC-7.5 7.5uF 250V Polypropylene C,7.5,5,250,Metalized Polypropylene,https://www.parts-express.com/Dayton-Audio-DMPC-7.5-7.5uF-250V-Polypropylene-Capacitor-027-429,2.29
027-562,Solen 7.5uF 400V Polypropylene Capacitor,7.5,5,400,Metalized Polypropylene,https://www.parts-express.com/Solen-7.5uF-400V-Polypropylene-Capacitor-027-562,2.29
027-338,8.0uF 100V Non-Polarized Capacitor,8.0,10,100,Non-Polarized Electrolytic,https://www.parts-express.com/8.0uF-100V-Non-Polarized-Capacitor-027-338,1.09
027-242,Dayton Audio PMPC-8.2 8.2uF 250V Precision Audio C,8.2,1,250,Metalized Polypropylene,https://www.parts-express.com/Dayton-Audio-PMPC-8.2-8.2uF-250V-Precision-Audio-Capacitor-027-242,2.39
027-496,Jantzen 0574 8.2uF 800V Z-Superior Capacitor,8.2,2,800,Metalized Polypropylene,https://www.parts-express.com/Jantzen-0574-8.2uF-800V-Z-Superior-Capacitor-027-496,35.87
027-140,Audyn Cap Plus 8.2uF 800V Double Layer MKP Foil C,8.2,2,800,Metalized Polypropylene,https://www.parts-express.com/Audyn-Cap-Plus-8.2uF-800V-Double-Layer-MKP-Foil-Capacitor-027-140,37.49
027-4620,Jantzen 7055 8.2uF Alumen Z-Cap 100 VDC Aluminum Fo,8.2,3,100,Film and Foil,https://www.parts-express.com/Jantzen-7055-8.2uF-Alumen-Z-Cap-100-VDC-Aluminum-Foil-Capacitor-027-4620,87.4
027-426,Dayton Audio DMPC-8.2 8.2uF 250V Polypropylene C,8.2,5,250,Metalized Polypropylene,https://www.parts-express.com/Dayton-Audio-DMPC-8.2-8.2uF-250V-Polypropylene-Capacitor-027-426,2.81
027-117,Audyn Cap Q4 8.2uF 400V MKP Foil Capacitor,8.2,5,400,Metalized Polypropylene,https://www.parts-express.com/Audyn-Cap-Q4-8.2uF-400V-MKP-Foil-Capacitor-027-117,7.11
027-564,Solen 8.2uF 400V Polypropylene Capacitor,8.2,5,400,Metalized Polypropylene,https://www.parts-express.com/Solen-8.2uF-400V-Polypropylene-Capacitor-027-564,2.39
027-280,Jantzen 0443 8.2uF 400V Z-Standard Capacitor,8.2,5,400,Metalized Polypropylene,https://www.parts-express.com/Jantzen-0443-8.2uF-400V-Z-Standard-Capacitor-027-280,7.38
027-930,Jantzen 0262 8.2uF 400V Crosscap Capacitor,8.2,5,400,Metalized Polypropylene,https://www.parts-express.com/Jantzen-0262-8.2uF-400V-Crosscap-Capacitor-027-930,9.34
027-566,Solen 9.1uF 400V Poylpropylene Capacitor,9.1,5,400,Metalized Polypropylene,https://www.parts-express.com/Solen-9.1uF-400V-Poylpropylene-Capacitor-027-566,9.83
027-931,Jantzen 0263 9.1uF 400V Crosscap Capacitor,9.1,5,400,Metalized Polypropylene,https://www.parts-express.com/Jantzen-0263-9.1uF-400V-Crosscap-Capacitor-027-931,4.88
027-244,Dayton Audio PMPC-10 10uF 250V Precision Audio C,10.0,1,250,Metalized Polypropylene,https://www.parts-express.com/Dayton-Audio-PMPC-10-10uF-250V-Precision-Audio-Capacitor-027-244,8.35
027-788,Jantzen 0678 10uF 800V Z-Silver Capacitor,10.0,2,800,Metalized Polypropylene,https://www.parts-express.com/Jantzen-0678-10uF-800V-Z-Silver-Capacitor-027-788,68.29
027-141,Audyn Cap Plus 10uF 800V Double Layer MKP Foil C,10.0,2,800,Metalized Polypropylene,https://www.parts-express.com/Audyn-Cap-Plus-10uF-800V-Double-Layer-MKP-Foil-Capacitor-027-141,48.29
027-497,Jantzen 0578 10uF 800V Z-Superior Capacitor,10.0,2,800,Metalized Polypropylene,https://www.parts-express.com/Jantzen-0578-10uF-800V-Z-Superior-Capacitor-027-497,43.5
027-4022,Jantzen 7060 10.0uF Alumen Z-Cap 100 VDC Aluminum F,10.0,3,100,Film and Foil,https://www.parts-express.com/Jantzen-7060-10.0uF-Alumen-Z-Cap-100-VDC-Aluminum-Foil-Capacitor-027-4022,95.85
027-428,Dayton Audio DMPC-10 10uF 250V Polypropylene C,10.0,5,250,Metalized Polypropylene,https://www.parts-express.com/Dayton-Audio-DMPC-10-10uF-250V-Polypropylene-Capacitor-027-428,7.34
027-568,Solen 10uF 400V Polypropylene Capacitor,10.0,5,400,Metalized Polypropylene,https://www.parts-express.com/Solen-10uF-400V-Polypropylene-Capacitor-027-568,3.09
027-282,Jantzen 0446 10uF 400V Z-Standard Capacitor,10.0,5,400,Metalized Polypropylene,https://www.parts-express.com/Jantzen-0446-10uF-400V-Z-Standard-Capacitor-027-282,8.35
027-932,Jantzen 0264 10uF 400V Crosscap Capacitor,10.0,5,400,Metalized Polypropylene,https://www.parts-express.com/Jantzen-0264-10uF-400V-Crosscap-Capacitor-027-932,7.4
027-118,Audyn Cap Q4 10uF 400V MKP Foil Capacitor,10.0,5,400,Metalized Polypropylene,https://www.parts-express.com/Audyn-Cap-Q4-10uF-400V-MKP-Foil-Capacitor-027-118,7.34
027-648,Solen 10uF 700V Silver MKP Metallized Polypropylene,10.0,5,700,Metalized Polypropylene,https://www.parts-express.com/Solen-10uF-700V-Silver-MKP-Metallized-Polypropylene-Crossove-027-648,68.16
027-340,10uF 100V Non-Polarized Capacitor,10.0,10,100,Non-Polarized Electrolytic,https://www.parts-express.com/10uF-100V-Non-Polarized-Capacitor-027-340,1.09
027-740,Audiocap PPT Theta 10uF 200V Film/Foil Capacitor,10.0,10,200,Film and Foil,https://www.parts-express.com/Audiocap-PPT-Theta-10uF-200V-Film-Foil-Capacitor-027-740,
027-571,Solen 11uF 400V Polypropylene Capacitor,11.0,5,400,Metalized Polypropylene,https://www.parts-express.com/Solen-11uF-400V-Polypropylene-Capacitor-027-571,11.13
027-246,Dayton Audio PMPC-12 12uF 250V Precision Audio C,12.0,1,250,Metalized Polypropylene,https://www.parts-express.com/Dayton-Audio-PMPC-12-12uF-250V-Precision-Audio-Capacitor-027-246,3.59
027-430,Dayton Audio DMPC-12 12uF 250V Polypropylene C,12.0,5,250,Metalized Polypropylene,https://www.parts-express.com/Dayton-Audio-DMPC-12-12uF-250V-Polypropylene-Capacitor-027-430,7.78
027-934,Jantzen 0266 12uF 400V Crosscap Capacitor,12.0,5,400,Metalized Polypropylene,https://www.parts-express.com/Jantzen-0266-12uF-400V-Crosscap-Capacitor-027-934,8.1
027-162,Audyn Cap Q4 12uF 400V MKP Foil Capacitor,12.0,5,400,Metalized Polypropylene,https://www.parts-express.com/Audyn-Cap-Q4-12uF-400V-MKP-Foil-Capacitor-027-162,7.78
027-572,Solen 12uF 400V Polypropylene Capacitor,12.0,5,400,Metalized Polypropylene,https://www.parts-express.com/Solen-12uF-400V-Polypropylene-Capacitor-027-572,3.59
027-342,12uF 100V Non-Polarized Capacitor,12.0,10,100,Non-Polarized Electrolytic,https://www.parts-express.com/12uF-100V-Non-Polarized-Capacitor-027-342,3.59
027-248,Dayton Audio PMPC-15 15uF 250V Precision Audio C,15.0,1,250,Metalized Polypropylene,https://www.parts-express.com/Dayton-Audio-PMPC-15-15uF-250V-Precision-Audio-Capacitor-027-248,4.19
027-790,Jantzen 0686 15uF 800V Z-Silver Capacitor,15.0,2,800,Metalized Polypropylene,https://www.parts-express.com/Jantzen-0686-15uF-800V-Z-Silver-Capacitor-027-790,53.81
027-498,Jantzen 0586 15uF 800V Z-Superior Capacitor,15.0,2,800,Metalized Polypropylene,https://www.parts-express.com/Jantzen-0586-15uF-800V-Z-Superior-Capacitor-027-498,75.31
027-432,Dayton Audio DMPC-15 15uF 250V Polypropylene C,15.0,5,250,Metalized Polypropylene,https://www.parts-express.com/Dayton-Audio-DMPC-15-15uF-250V-Polypropylene-Capacitor-027-432,12.29
027-284,Jantzen 0449 15uF 400V Z-Standard Capacitor,15.0,5,400,Metalized Polypropylene,https://www.parts-express.com/Jantzen-0449-15uF-400V-Z-Standard-Capacitor-027-284,12.56
027-119,Audyn Cap Q4 15uF 400V MKP Foil Capacitor,15.0,5,400,Metalized Polypropylene,https://www.parts-express.com/Audyn-Cap-Q4-15uF-400V-MKP-Foil-Capacitor-027-119,8.45
027-936,Jantzen 0268 15uF 400V Crosscap Capacitor,15.0,5,400,Metalized Polypropylene,https://www.parts-express.com/Jantzen-0268-15uF-400V-Crosscap-Capacitor-027-936,8.56
027-576,Solen 15uF 400V Polypropylene Capacitor,15.0,5,400,Metalized Polypropylene,https://www.parts-express.com/Solen-15uF-400V-Polypropylene-Capacitor-027-576,4.19
027-344,15uF 100V Non-Polarized Capacitor,15.0,10,100,Non-Polarized Electrolytic,https://www.parts-express.com/15uF-100V-Non-Polarized-Capacitor-027-344,4.19
027-578,Solen 16uF 400V Polypropylene Capacitor,16.0,5,400,Metalized Polypropylene,https://www.parts-express.com/Solen-16uF-400V-Polypropylene-Capacitor-027-578,12.24
027-346,17uF 100V Non-Polarized Capacitor,17.0,10,100,Non-Polarized Electrolytic,https://www.parts-express.com/17uF-100V-Non-Polarized-Capacitor-027-346,1.29
027-434,Dayton Audio DMPC-18 18uF 250V Polypropylene C,18.0,5,250,Metalized Polypropylene,https://www.parts-express.com/Dayton-Audio-DMPC-18-18uF-250V-Polypropylene-Capacitor-027-434,4.79
027-580,Solen 18uF 400V Polypropylene Capacitor,18.0,5,400,Metalized Polypropylene,https://www.parts-express.com/Solen-18uF-400V-Polypropylene-Capacitor-027-580,4.79
027-938,Jantzen 0270 18uF 400V Crosscap Capacitor,18.0,5,400,Metalized Polypropylene,https://www.parts-express.com/Jantzen-0270-18uF-400V-Crosscap-Capacitor-027-938,10.02
027-252,Dayton Audio PMPC-20 20uF 250V Precision Audio C,20.0,1,250,Metalized Polypropylene,https://www.parts-express.com/Dayton-Audio-PMPC-20-20uF-250V-Precision-Audio-Capacitor-027-252,12.79
027-436,Dayton Audio DMPC-20 20uF 250V Polypropylene C,20.0,5,250,Metalized Polypropylene,https://www.parts-express.com/Dayton-Audio-DMPC-20-20uF-250V-Polypropylene-Capacitor-027-436,6.25
027-939,Jantzen 0271 20uF 400V Crosscap Capacitor,20.0,5,400,Metalized Polypropylene,https://www.parts-express.com/Jantzen-0271-20uF-400V-Crosscap-Capacitor-027-939,11.25
027-582,Solen 20uF 400V Polypropylene Capacitor,20.0,5,400,Metalized Polypropylene,https://www.parts-express.com/Solen-20uF-400V-Polypropylene-Capacitor-027-582,5.09
027-143,Audyn Cap Plus 22uF 800V Double Layer MKP Foil C,22.0,2,800,Metalized Polypropylene,https://www.parts-express.com/Audyn-Cap-Plus-22uF-800V-Double-Layer-MKP-Foil-Capacitor-027-143,72.36
027-940,Jantzen 0272 22uF 400V Crosscap Capacitor,22.0,5,400,Metalized Polypropylene,https://www.parts-express.com/Jantzen-0272-22uF-400V-Crosscap-Capacitor-027-940,11.37
027-286,Jantzen 0455 22uF 400V Z-Standard Capacitor,22.0,5,400,Metalized Polypropylene,https://www.parts-express.com/Jantzen-0455-22uF-400V-Z-Standard-Capacitor-027-286,16.35
027-120,Audyn Cap Q4 22uF 400V MKP Foil Capacitor,22.0,5,400,Metalized Polypropylene,https://www.parts-express.com/Audyn-Cap-Q4-22uF-400V-MKP-Foil-Capacitor-027-120,
027-348,22uF 100V Non-Polarized Capacitor,22.0,10,100,Non-Polarized Electrolytic,https://www.parts-express.com/22uF-100V-Non-Polarized-Capacitor-027-348,1.29
027-586,Solen 24uF 400V Polypropylene Capacitor,24.0,5,400,Metalized Polypropylene,https://www.parts-express.com/Solen-24uF-400V-Polypropylene-Capacitor-027-586,16.1
027-256,Dayton Audio PMPC-25 25uF 250V Precision Audio C,25.0,1,250,Metalized Polypropylene,https://www.parts-express.com/Dayton-Audio-PMPC-25-25uF-250V-Precision-Audio-Capacitor-027-256,6.29
027-438,Dayton Audio DMPC-25 25uF 250V Polypropylene C,25.0,5,250,Metalized Polypropylene,https://www.parts-express.com/Dayton-Audio-DMPC-25-25uF-250V-Polypropylene-Capacitor-027-438,17.69
027-439,Dayton Audio DMPC-27 27uF 250V Polypropylene C,27.0,5,250,Metalized Polypropylene,https://www.parts-express.com/Dayton-Audio-DMPC-27-27uF-250V-Polypropylene-Capacitor-027-439,6.99
027-588,Solen 27uF 400V Polypropylene Capacitor,27.0,5,400,Metalized Polypropylene,https://www.parts-express.com/Solen-27uF-400V-Polypropylene-Capacitor-027-588,18.49
027-942,Jantzen 0274 27uF 400V Crosscap Capacitor,27.0,5,400,Metalized Polypropylene,https://www.parts-express.com/Jantzen-0274-27uF-400V-Crosscap-Capacitor-027-942,12.17
027-440,Dayton Audio DMPC-30 30uF 250V Polypropylene C,30.0,5,250,Metalized Polypropylene,https://www.parts-express.com/Dayton-Audio-DMPC-30-30uF-250V-Polypropylene-Capacitor-027-440,7.69
027-590,Solen 30uF 400V Polypropylene Capacitor 027-590,30.0,5,400,Metalized Polypropylene,https://www.parts-express.com/Solen-30uF-400V-Polypropylene-Capacitor-027-590,7.69
027-441,Dayton Audio DMPC-33 33uF 250V Polypropylene C,33.0,5,250,Metalized Polypropylene,https://www.parts-express.com/Dayton-Audio-DMPC-33-33uF-250V-Polypropylene-Capacitor-027-441,9.29
027-288,Jantzen 0458 33uF 400V Z-Standard Capacitor,33.0,5,400,Metalized Polypropylene,https://www.parts-express.com/Jantzen-0458-33uF-400V-Z-Standard-Capacitor-027-288,22.27
027-121,Audyn Cap Q4 33uF 400V MKP Foil Capacitor,33.0,5,400,Metalized Polypropylene,https://www.parts-express.com/Audyn-Cap-Q4-33uF-400V-MKP-Foil-Capacitor-027-121,15.07
027-592,Solen 33uF 400V Polypropylene Capacitor,33.0,5,400,Metalized Polypropylene,https://www.parts-express.com/Solen-33uF-400V-Polypropylene-Capacitor-027-592,9.29
027-944,Jantzen 0278 33uF 400V Crosscap Capacitor,33.0,5,400,Metalized Polypropylene,https://www.parts-express.com/Jantzen-0278-33uF-400V-Crosscap-Capacitor-027-944,14.69
027-350,33uF 100V Non-Polarized Capacitor,33.0,10,100,Non-Polarized Electrolytic,https://www.parts-express.com/33uF-100V-Non-Polarized-Capacitor-027-350,1.49
027-594,Solen 36uF 400V Polypropylene Capacitor,36.0,5,400,Metalized Polypropylene,https://www.parts-express.com/Solen-36uF-400V-Polypropylene-Capacitor-027-594,24.68
027-946,Jantzen 0280 39uF 400V Crosscap Capacitor,39.0,5,400,Metalized Polypropylene,https://www.parts-express.com/Jantzen-0280-39uF-400V-Crosscap-Capacitor-027-946,9.89
027-596,Solen 39uF 400V Polypropylene Capacitor,39.0,5,400,Metalized Polypropylene,https://www.parts-express.com/Solen-39uF-400V-Polypropylene-Capacitor-027-596,19.02
027-260,Dayton Audio PMPC-40 40uF 250V Precision Audio C,40.0,1,250,Metalized Polypropylene,https://www.parts-express.com/Dayton-Audio-PMPC-40-40uF-250V-Precision-Audio-Capacitor-027-260,9.89
027-442,Dayton Audio DMPC-40 40uF 250V Polypropylene C,40.0,5,250,Metalized Polypropylene,https://www.parts-express.com/Dayton-Audio-DMPC-40-40uF-250V-Polypropylene-Capacitor-027-442,19.02
027-448,Dayton Audio DMPC-47 47uF 250V Polypropylene C,47.0,5,250,Metalized Polypropylene,https://www.parts-express.com/Dayton-Audio-DMPC-47-47uF-250V-Polypropylene-Capacitor-027-448,12.99
027-122,Audyn Cap Q4 47uF 400V MKP Foil Capacitor,47.0,5,400,Metalized Polypropylene,https://www.parts-express.com/Audyn-Cap-Q4-47uF-400V-MKP-Foil-Capacitor-027-122,20.86
027-600,Solen 47uF 400V Polypropylene Capacitor,47.0,5,400,Metalized Polypropylene,https://www.parts-express.com/Solen-47uF-400V-Polypropylene-Capacitor-027-600,12.99
027-289,Jantzen 0461 47uF 400V Z-Standard Capacitor,47.0,5,400,Metalized Polypropylene,https://www.parts-express.com/Jantzen-0461-47uF-400V-Z-Standard-Capacitor-027-289,31.71
027-948,Jantzen 0282 47uF 400V Crosscap Capacitor,47.0,5,400,Metalized Polypropylene,https://www.parts-express.com/Jantzen-0282-47uF-400V-Crosscap-Capacitor-027-948,20.6
027-352,47uF 100V Non-Polarized Capacitor,47.0,10,100,Non-Polarized Electrolytic,https://www.parts-express.com/47uF-100V-Non-Polarized-Capacitor-027-352,2.19
027-443,Dayton Audio DMPC-50 50uF 250V Polypropylene C,50.0,5,250,Metalized Polypropylene,https://www.parts-express.com/Dayton-Audio-DMPC-50-50uF-250V-Polypropylene-Capacitor-027-443,24.98
027-354,50uF 100V Non-Polarized Capacitor,50.0,10,100,Non-Polarized Electrolytic,https://www.parts-express.com/50uF-100V-Non-Polarized-Capacitor-027-354,
027-602,Solen 51uF 400V Polypropylene Capacitor,51.0,5,400,Metalized Polypropylene,https://www.parts-express.com/Solen-51uF-400V-Polypropylene-Capacitor-027-602,13.89
027-950,Jantzen 0284 56uF 400V Crosscap Capacitor,56.0,5,400,Metalized Polypropylene,https://www.parts-express.com/Jantzen-0284-56uF-400V-Crosscap-Capacitor-027-950,24.42
027-444,Dayton Audio DMPC-60 60uF 250V Polypropylene C,60.0,5,250,Metalized Polypropylene,https://www.parts-express.com/Dayton-Audio-DMPC-60-60uF-250V-Polypropylene-Capacitor-027-444,17.49
027-123,Audyn Cap Q4 68uF 400V MKP Foil Capacitor,68.0,5,400,Metalized Polypropylene,https://www.parts-express.com/Audyn-Cap-Q4-68uF-400V-MKP-Foil-Capacitor-027-123,27.41
027-952,Jantzen 0286 68uF 400V Crosscap Capacitor,68.0,5,400,Metalized Polypropylene,https://www.parts-express.com/Jantzen-0286-68uF-400V-Crosscap-Capacitor-027-952,26.38
027-608,Solen 68uF 400V Polypropylene Capacitor,68.0,5,400,Metalized Polypropylene,https://www.parts-express.com/Solen-68uF-400V-Polypropylene-Capacitor-027-608,34.98
027-356,68uF 100V Non-Polarized Capacitor,68.0,10,100,Non-Polarized Electrolytic,https://www.parts-express.com/68uF-100V-Non-Polarized-Capacitor-027-356,2.49
027-358,80uF 100V Non-Polarized Capacitor,80.0,10,100,Non-Polarized Electrolytic,https://www.parts-express.com/80uF-100V-Non-Polarized-Capacitor-027-358,2.79
027-954,Jantzen 0288 82uF 400V Crosscap Capacitor,82.0,5,400,Metalized Polypropylene,https://www.parts-express.com/Jantzen-0288-82uF-400V-Crosscap-Capacitor-027-954,30.92
027-612,Solen 82uF 400V Polypropylene Capacitor,82.0,5,400,Metalized Polypropylene,https://www.parts-express.com/Solen-82uF-400V-Polypropylene-Capacitor-027-612,43.18
027-124,Audyn Cap Q4 82uF 400V MKP Foil Capacitor,82.0,5,400,Metalized Polypropylene,https://www.parts-express.com/Audyn-Cap-Q4-82uF-400V-MKP-Foil-Capacitor-027-124,31.74
027-446,Dayton Audio DMPC-90 90uF 250V Polypropylene C,90.0,5,250,Metalized Polypropylene,https://www.parts-express.com/Dayton-Audio-DMPC-90-90uF-250V-Polypropylene-Capacitor-027-446,28.19
027-447,Dayton Audio DMPC-100 100uF 250V Polypropylene C,100.0,5,250,Metalized Polypropylene,https://www.parts-express.com/Dayton-Audio-DMPC-100-100uF-250V-Polypropylene-Capacitor-027-447,31.29
027-956,Jantzen 0290 100uF 400V Crosscap Capacitor,100.0,5,400,Metalized Polypropylene,https://www.parts-express.com/Jantzen-0290-100uF-400V-Crosscap-Capacitor-027-956,37.06
027-616,Solen 100uF 400V Poylpropylene Capacitor,100.0,5,400,Metalized Polypropylene,https://www.parts-express.com/Solen-100uF-400V-Poylpropylene-Capacitor-027-616,31.29
027-125,Audyn Cap Q4 100uF 400V MKP Foil Capacitor,100.0,5,400,Metalized Polypropylene,https://www.parts-express.com/Audyn-Cap-Q4-100uF-400V-MKP-Foil-Capacitor-027-125,41.11
027-360,100uF 100V Non-Polarized Capacitor,100.0,10,100,Non-Polarized Electrolytic,https://www.parts-express.com/100uF-100V-Non-Polarized-Capacitor-027-360,2.79
027-362,125uF 100V Non-Polarized Capacitor,125.0,10,100,Non-Polarized Electrolytic,https://www.parts-express.com/125uF-100V-Non-Polarized-Capacitor-027-362,3.25
027-622,Solen 130uF 400V Polypropylene Capacitor,130.0,5,400,Metalized Polypropylene,https://www.parts-express.com/Solen-130uF-400V-Polypropylene-Capacitor-027-622,63.98
027-364,150uF 100V Non-Polarized Capacitor,150.0,10,100,Non-Polarized Electrolytic,https://www.parts-express.com/150uF-100V-Non-Polarized-Capacitor-027-364,4.39
027-626,Solen 160uF 400V Polypropylene Capacitor,160.0,5,400,Metalized Polypropylene,https://www.parts-express.com/Solen-160uF-400V-Polypropylene-Capacitor-027-626,79.56
027-630,Solen 200uF 400V Polypropylene Capacitor,200.0,5,400,Metalized Polypropylene,https://www.parts-express.com/Solen-200uF-400V-Polypropylene-Capacitor-027-630,
027-366,200uF 100V Non-Polarized Capacitor,200.0,10,100,Non-Polarized Electrolytic,https://www.parts-express.com/200uF-100V-Non-Polarized-Capacitor-027-366,87.61
027-368,220uF 100V Non-Polarized Capacitor,220.0,10,100,Non-Polarized Electrolytic,https://www.parts-express.com/220uF-100V-Non-Polarized-Capacitor-027-368,4.79
027-370,250uF 100V Non-Polarized Capacitor,250.0,10,100,Non-Polarized Electrolytic,https://www.parts-express.com/250uF-100V-Non-Polarized-Capacitor-027-370,4.79
027-371,300uF 100V Non-Polarized Capacitor,300.0,10,100,Non-Polarized Electrolytic,https://www.parts-express.com/300uF-100V-Non-Polarized-Capacitor-027-371,
027-374,330uF 100V Non-Polarized Capacitor,330.0,10,100,Non-Polarized Electrolytic,https://www.parts-express.com/330uF-100V-Non-Polarized-Capacitor-027-374,5.49
027-376,400uF 100V Non-Polarized Capacitor,400.0,10,100,Non-Polarized Electrolytic,https://www.parts-express.com/400uF-100V-Non-Polarized-Capacitor-027-376,6.09
027-378,500uF 100V Non-Polarized Capacitor,500.0,10,100,Non-Polarized Electrolytic,https://www.parts-express.com/500uF-100V-Non-Polarized-Capacitor-027-378,7.69
